asset_id,type,file,usage,photographer_or_source,source_url,alt_text_or_semantic_purpose,frontend_file,source_sha256,frontend_sha256,implementation_note
PHOTO-01,photo,assets/photos/meal-grain-bowl-ella-olsson.jpg,Today meal feature and primary flexible recipe,Ella Olsson,https://unsplash.com/photos/vegetable-salad-1547592180-85f173990554,A colourful bowl of grains and roasted vegetables,src/assets/photos/meal-grain-bowl-ella-olsson.jpg,c189c142948fc3aebcf680e44998c91afd6fee49afdfb1222409a0ca15b905fb,a2c2c87a917c25b082ebb89d4e1c1f583d9504279e214189fb2137b7c78b506a,Display copy resized to 1100 x 733; supplied source 1600 x 1067
PHOTO-02,photo,assets/photos/meal-rice-beans-joanna-stolowicz.jpg,Alternative quick meal,Joanna Stołowicz,https://unsplash.com/photos/1714062105876-1756a22c4caf,A bowl with rice beans and colourful vegetables,src/assets/photos/meal-rice-beans-joanna-stolowicz.jpg,3dee546eec92d2c8dd7fe7efef6198a4ac212501f11981137432ddc9cf192a1b,f42bc3ee977f966aebea24ded7dedcfb23f033090d1a5696c778696db0f55b99,Display copy resized to 733 x 1100; supplied source 1400 x 2100
PHOTO-03,photo,assets/photos/meal-vegetables-nathan-dumlao.jpg,Alternative batch meal,Nathan Dumlao,https://unsplash.com/photos/1577594412936-01fbd0d88d2c,Vegetable dishes served in bowls,src/assets/photos/meal-vegetables-nathan-dumlao.jpg,392eb39527deade69a9719eb2fe66e0cbe7f647a79d6b74ddfc091b35d033c52,eba2a5dd3e8df187fe42bbb03adac5b8e5349dd0cf94d6296427fa44c14a7f04,Display copy resized to 733 x 1100; supplied source 1400 x 2100
PHOTO-04,photo,assets/photos/cooking-at-home-douglas-fehr.jpg,Design-comparison editorial hero,Douglas Fehr,https://unsplash.com/photos/1636647511729-6703539ba71f,A woman chopping vegetables in her home kitchen,src/assets/photos/cooking-at-home-douglas-fehr.jpg,d00885a1e79c7600668de734616c3cffa9b41c6d20c6e5ddce50650057da9fd2,7e57306e40bd12c3e50c02d6f1ac6260af4d5be444820a554af7b5157110df62,Display copy resized to 1100 x 733; supplied source 1600 x 1067
PHOTO-05,photo,assets/photos/appointment-notebook-justin-morgan.jpg,Appointment preparation and contextual-learning card,Justin Morgan,https://unsplash.com/photos/1620275765334-4ed948bb4502,A notebook and pen ready for appointment questions,src/assets/photos/appointment-notebook-justin-morgan.jpg,a16f59f1eda8772940a299d9cbdd6b612437c0632226e886e71e49fc947dff41,e66dca8a1d9f560119f16b025036164644223eef7e165d0583ec8cbf8a98ac20,Display copy resized to 733 x 1100; supplied source 1400 x 2099
PHOTO-06,photo,assets/photos/fresh-groceries-ahmet-koc.jpg,Design-comparison ingredient strip,Ahmet Koç,https://unsplash.com/photos/1760445530338-d5cb6c5b2e74,Fresh vegetables arranged on a kitchen table,src/assets/photos/fresh-groceries-ahmet-koc.jpg,6e8dc074db5646586662f347494c59344048e7d15d50fe541c98d98c8ee2f241,a0ba2c3817c5a404e0e2c82ee19169946328bd8dfb0cb7cb1a64092637e4eb1a,Display copy resized to 1100 x 733; supplied source 1400 x 933
PHOTO-07,photo,assets/photos/reading-at-home-kailun-zhang.jpg,Onboarding human editorial image,Kailun Zhang,https://unsplash.com/photos/1749704647390-8f696a0be917,A woman reading at home in natural light,src/assets/photos/reading-at-home-kailun-zhang.jpg,9ad16dac9eed2b68836a70a0da9ecfa0bd458296784b20630c32c3f65a1b6c0d,8bd00ba880fc4ba88390c1f3ba2a39524b0a3f80725caead4f4f7c963caba690,Display copy resized to 618 x 1100; supplied source 1400 x 2490
VECTOR-01,svg,assets/vectors/sanelle-logo.svg,Brand mark,Sanelle design handoff,Internal,Accessible logo lockup,src/assets/brand/sanelle-logo.svg,018c06df8c6133a0da4949f00efe178178ef5bdaac0de5221ed2ec9e6028e276,018c06df8c6133a0da4949f00efe178178ef5bdaac0de5221ed2ec9e6028e276,Bundled handoff vector
VECTOR-02,svg,assets/vectors/report-document.svg,Health report visual,Sanelle design handoff,Internal,Document preview showing recorded and missing fields,src/assets/brand/report-document.svg,c66e8aa66939fa2e0bd266b5f70f48c005dadd51235e5fcc86cada00088e4b77,c66e8aa66939fa2e0bd266b5f70f48c005dadd51235e5fcc86cada00088e4b77,Bundled handoff vector
VECTOR-03,svg,assets/vectors/symptom-history.svg,Symptom-history example,Sanelle design handoff,Internal,Thirty-day observation timeline with missing days,src/assets/brand/symptom-history.svg,fba3c317c1236463561204e5f8070b254025dc995414a201d295cd6703385739,fba3c317c1236463561204e5f8070b254025dc995414a201d295cd6703385739,Bundled handoff vector
VECTOR-04,svg,assets/vectors/treatment-outcomes.svg,Treatment information,Sanelle design handoff,Internal,Four treatment outcome categories kept separate,src/assets/brand/treatment-outcomes.svg,64e3eba942c5cb9542f34bea4974a0906ae9f96268e123e7d3765f3694ad57e7,64e3eba942c5cb9542f34bea4974a0906ae9f96268e123e7d3765f3694ad57e7,Bundled handoff vector
VECTOR-05,svg,assets/vectors/journey-overview.svg,Handoff overview,Sanelle design handoff,Internal,Top-level linked product journey,src/assets/brand/journey-overview.svg,703100af94234036f2ffb69ef224dc886883ae172d43f6477bbcce61493f560c,703100af94234036f2ffb69ef224dc886883ae172d43f6477bbcce61493f560c,Bundled handoff vector
VECTOR-06,svg,assets/vectors/meal-planner.svg,Food planning,Sanelle design handoff,Internal,Three-day weekly two-week and monthly planning states,src/assets/brand/meal-planner.svg,061b096ac7b2f15e7668027a72fcd835cd239ee99eea856476087acd6ff88902,061b096ac7b2f15e7668027a72fcd835cd239ee99eea856476087acd6ff88902,Bundled handoff vector
